{
  "timestamp": "2025-06-18T16:03:20.384555",
  "internships": [
    {
      "title": "Data Science",
      "description": "Explore our Data Science program, delving into data analysis, machine learning, and predictive modeling. Apply your skills to real-world projects that drive meaningful insights",
      "image": "images/ds1.png",
      "apply_link": "https://forms.gle/XWcmhxc6G4psvCni6"
    },
    {
      "title": "Python Development",
      "description": "Enroll in our Python Development program to master coding efficiency and build scalable applications. Dive into hands-on projects that harness the power of Python for diverse applications.",
      "image": "images/py1.png",
      "apply_link": "https://forms.gle/XWcmhxc6G4psvCni6"
    },
    {
      "title": "Web Development",
      "description": "Embark on your journey in Web Development with our comprehensive program. Acquire hands-on experience in crafting responsive and user-friendly websites using the latest tools and frameworks.",
      "image": "images/webdev1.png",
      "apply_link": "https://forms.gle/XWcmhxc6G4psvCni6"
    },
    {
      "title": "UI/UX Design",
      "description": "Shape the digital experience with our UI/UX Design program. Learn design thinking, user research, and interactive prototyping to create engaging and intuitive digital interfaces.",
      "image": "images/uiux1.png",
      "apply_link": "https://forms.gle/XWcmhxc6G4psvCni6"
    },
    {
      "title": "AI/ML",
      "description": "Join our AI/ML program and unlock the potential of Artificial Intelligence and Machine Learning. Immerse yourself in cutting-edge technologies, algorithms, and applications that shape intelligent systems.",
      "image": "images/aiml1.png",
      "apply_link": "https://forms.gle/XWcmhxc6G4psvCni6"
    },
    {
      "title": "Cyber Security",
      "description": "Explore our Cybersecurity program to learn the essentials of safeguarding digital landscapes. Identify vulnerabilities, develop strategies, and protect against evolving cyber threats in this critical and dynamic field.",
      "image": "images/cs1.png",
      "apply_link": "https://forms.gle/etSYgMzTe6we2unY6"
    },
    {
      "title": "Android App Development",
      "description": "Embark on your journey in Android App Development with our specialized program. Master the skills required to build innovative and user-friendly Android applications that cater to diverse user needs.",
      "image": "images/ad1.png",
      "apply_link": "https://forms.gle/XWcmhxc6G4psvCni6"
    },
    {
      "title": "Java Development",
      "description": "Embark on your journey in Java Development with our specialized program. Master the fundamentals of Java programming language and build robust, scalable applications for various platforms.",
      "image": "images/jd1.png",
      "apply_link": "https://forms.gle/XWcmhxc6G4psvCni6"
    }
  ]
}